{"train_loss": [3.624803078248652, 2.9342518955276717, 2.864625462226389, 2.815577174063678, 2.7090379028608425, 2.5424893313340635, 2.3579502187034858, 2.267515913928117, 2.2203615045471974, 2.1631508894706704, 2.0865913516407195, 2.0525551959590884, 2.0966349436894363, 2.1436082883763508, 2.043271819237365, 2.0343257508130934, 2.06179141524881, 2.005813492275298, 1.981841219605678, 2.006694640961093, 2.048898174173432, 1.9867949841271975, 1.9744321183232416, 1.9620306976588813, 1.928205621273019, 1.9482178217253219, 1.9846036259331357, 1.9570523935950679, 1.965894295449291, 1.9093684824277748, 1.9350221801550558, 1.87456705648929, 1.8053334926568514, 1.9516067908297852, 1.8813479455819386, 1.9470757689948262, 1.9045640322682569, 1.9264149622848052, 1.904765006641709, 1.9180575663082955, 1.9184322114373578, 1.8929200967056101, 1.8656207548888015, 1.9894173142389833, 1.8926824431919502, 1.8473820368894227, 1.816443092800665, 1.8649403995769964, 1.8843394419295676, 1.8800169476087265, 1.831711598095526, 1.8634950242476451, 1.912962277909408, 1.8983268878509014, 1.890448980520785, 1.832036811899712], "train_acc": [0.2126933853088074, 0.2960165671823608, 0.290656596418565, 0.3097210378852479, 0.339566329638202, 0.371117066634182, 0.40096235838713606, 0.45291752954074793, 0.45931294920209526, 0.4227067852357169, 0.45029845291752957, 0.43062492386405166, 0.44359848946278474, 0.44901936898526007, 0.4748446826653673, 0.4584602265805823, 0.46211475210135217, 0.48611280302107446, 0.48818370081617735, 0.500974540138872, 0.4646120112072116, 0.43050310634669264, 0.47898647825557317, 0.5047508831770009, 0.5029236204166159, 0.42648312827384577, 0.4458521135339262, 0.49878182482641004, 0.49512729930564015, 0.4484102813984651, 0.47472286514800827, 0.4925082226824217, 0.46114021196248023, 0.4804482884638811, 0.4915336825435498, 0.4717992447313924, 0.45596296747472287, 0.49811182848093555, 0.4938482153733707, 0.4994518211718845, 0.5185771713972469, 0.4904373248873188, 0.46278474844682665, 0.4942136679254477, 0.49281276647581923, 0.4526129857473505, 0.47606285783895724, 0.4683883542453405, 0.49762455841149955, 0.4478011938116701, 0.49829455475697404, 0.46181020830795466, 0.45815568278718477, 0.5318552807893775, 0.5098063101473992, 0.49531002558167864], "val_loss": [2.164472775640309, 2.05801525051808, 2.035101409831453, 1.9986167617969248, 1.952025842517686, 1.697069807444439, 1.5905099195794725, 1.5758277080999665, 1.5751749978851435, 1.571506478590555, 1.5421686449742902, 1.5478752325040568, 1.542094573156585, 1.5282804192630561, 1.5295194662974925, 1.5640801620391742, 1.5863158568804336, 1.5265772348410347, 1.5437931569936698, 1.595504196144995, 1.574004717368108, 1.53988098657114, 1.503850927208548, 1.5372918289707922, 1.5720929565594668, 1.5395015805802168, 1.5525957678786153, 1.5397391560443143, 1.5614575781196656, 1.526531578828829, 1.5397153012973652, 1.5674827856149083, 1.5589991868659316, 1.567226564809716, 1.5414120549481973, 1.5674705786065721, 1.5582684385037548, 1.5320353045708741, 1.540550217039593, 1.542221823086938, 1.5428243287190515, 1.5566652336698035, 1.545429228246928, 1.516567300398266, 1.5702360272693954, 1.5533328215586686, 1.5408750665926807, 1.4869528248698478, 1.5364627499582675, 1.522852045821777, 1.5247386127982445, 1.5311040099797943, 1.5326538714922604, 1.5612172232631993, 1.5503358722363223, 1.5758881100320519], "val_acc": [0.6984622777510812, 0.7294569918308506, 0.7357039884670832, 0.7474771744353677, 0.7522825564632388, 0.8301297453147525, 0.8570398846708314, 0.8656895723209995, 0.861604997597309, 0.8709754925516578, 0.86977414704469, 0.8750600672753484, 0.8748197981739548, 0.8740989908697742, 0.8810667948101875, 0.875780874579529, 0.8728976453628063, 0.8820278712157616, 0.882988947621336, 0.8704949543488707, 0.877462758289284, 0.879625180201826, 0.8825084094185488, 0.883469485824123, 0.8765016818837098, 0.879144641999039, 0.8803459875060067, 0.8798654493032196, 0.8762614127823162, 0.8784238346948583, 0.8789043728976453, 0.8808265257087938, 0.8798654493032196, 0.8805862566074003, 0.883469485824123, 0.8853916386352715, 0.8844305622296973, 0.8875540605478136, 0.8825084094185488, 0.8827486785199423, 0.8858721768380586, 0.8865929841422393, 0.8858721768380586, 0.889476213358962, 0.8841902931283037, 0.888995675156175, 0.8885151369533878, 0.8880345987506006, 0.8858721768380586, 0.88731379144642, 0.8870735223450265, 0.8877943296492071, 0.8870735223450265, 0.8865929841422393, 0.8877943296492071, 0.8875540605478136]}