{"train_loss": [1.1372595036029816, 0.7962386718392372, 0.695877874493599, 0.6278799414634705, 0.5857684278488159, 0.5457062336802483, 0.5126926305890084, 0.48579383820295335, 0.45427424043416975, 0.46140354543924333, 0.4155004906654358, 0.40575726836919784, 0.38122043445706366, 0.40448510766029355, 0.3972595146298408, 0.36684611573815346, 0.3723603501915932, 0.3584377208352089, 0.3168820670247078, 0.3739349679648876, 0.35218998745083807, 0.35380748853087424, 0.3281222179532051, 0.3394461181759834, 0.371572724878788, 0.3545601987838745, 0.3405149118602276, 0.3134402768313885, 0.328420090675354], "train_acc": [0.6275, 0.6571875, 0.7090625, 0.72125, 0.7428125, 0.748125, 0.7509375, 0.775, 0.8040625, 0.810625, 0.80875, 0.8034375, 0.836875, 0.8421875, 0.8421875, 0.858125, 0.82125, 0.8625, 0.86, 0.875, 0.8553125, 0.841875, 0.8665625, 0.8796875, 0.83875, 0.85875, 0.8509375, 0.86, 0.87375], "val_loss": [0.6855205571651459, 0.5754646372795105, 0.5179350757598877, 0.48908867239952086, 0.46051337718963625, 0.45561493396759034, 0.43256378412246704, 0.4265285074710846, 0.41550825953483583, 0.41041433811187744, 0.4061311089992523, 0.4192101550102234, 0.4090514397621155, 0.4021729874610901, 0.3848627030849457, 0.37678810238838195, 0.38267006874084475, 0.37701243758201597, 0.3698249387741089, 0.3751687252521515, 0.37369815945625307, 0.37036521553993224, 0.37203958749771115, 0.3646323072910309, 0.36815640568733216, 0.3671787178516388, 0.36430973052978516, 0.3656837224960327, 0.3640476155281067], "val_acc": [0.7325, 0.79875, 0.79625, 0.82375, 0.84125, 0.8525, 0.88125, 0.8675, 0.87875, 0.86625, 0.87375, 0.86, 0.88125, 0.88125, 0.8875, 0.89125, 0.90125, 0.895, 0.905, 0.9, 0.8975, 0.9, 0.89375, 0.90375, 0.895, 0.89875, 0.8975, 0.9, 0.89875]}