{
  "epoch": 16,
  "miou": 0.48703258355988976,
  "per_class_iou": {
    "0": 0.9260940870692099,
    "1": 0.6855152653870347,
    "2": 0.5003290185911573,
    "3": 0.16893819870905427,
    "4": 0.5933478515523128
  }
}