{"train_loss": [1.0187512238820393, 0.7543609499931335, 0.6163516958554586, 0.5101757029692332, 0.4372084101041158, 0.3853544294834137, 0.3356123030185699, 0.3244867155949275, 0.2800008217493693, 0.2702633152405421, 0.25698778629302976, 0.262174920241038, 0.2658188929160436, 0.22644704977671307, 0.2358954519033432, 0.22421554426352183, 0.1992074171702067, 0.18617206712563833, 0.18694555511077246, 0.1771600564320882, 0.17826179216305416, 0.18053645590941111, 0.15628970166047415, 0.17470079213380812, 0.17239292760690053, 0.16823007464408873], "val_loss": [0.9044004827737808, 0.6708327233791351, 0.5386666804552078, 0.5024956315755844, 0.449754998087883, 0.4040979743003845, 0.4037764444947243, 0.37621647119522095, 0.36517149209976196, 0.3792739510536194, 0.3538094609975815, 0.3591837137937546, 0.33519577980041504, 0.3453994616866112, 0.32981469482183456, 0.3249809704720974, 0.3464767634868622, 0.32687780261039734, 0.32478058338165283, 0.3250478282570839, 0.3378068879246712, 0.3271142467856407, 0.32085852324962616, 0.32640841230750084, 0.3414944186806679, 0.3180118687450886], "val_miou": [0.21370823146288473, 0.27037067159097794, 0.3285843709667705, 0.3421533279225674, 0.32797964184810147, 0.43457831253592416, 0.4409424504633449, 0.44824322161631225, 0.44524031889395305, 0.42862742078583593, 0.42707412270332423, 0.4125048573034072, 0.4720045349308005, 0.4817721511408196, 0.45645748362564753, 0.48703258355988976, 0.45953847148418436, 0.45382096868901456, 0.4537887781818774, 0.45579922463652767, 0.42379331175589807, 0.47198601329156087, 0.4336984581904423, 0.4407328617953029, 0.4160879435368132, 0.4363822828951138]}