{"train_loss": [1.934114933013916, 1.792711387981068, 1.5304412625052712, 1.5169467709281228, 1.3477758169174194, 1.1796985268592834, 1.1913477995178916, 1.1974570751190186, 1.2448464902964504, 1.163823198188435, 1.0603365464644, 1.0895575447516008, 1.0861912857402454, 0.9879307584329085, 1.0489879846572876, 0.9642785408280112, 0.9525241797620599, 0.9623750827529214, 1.1639172597364946, 0.9206263802268289, 1.038037278435447, 1.1874676184220747, 0.8695063645189459, 0.8445418585430492, 1.0018192746422507, 0.9672464782541449, 0.7917838421734896, 0.83381572636691, 0.9653129740194841, 0.7918831651861017, 0.9010539976033297, 0.77853323654695], "train_acc": [0.3181818181818182, 0.39488636363636365, 0.32954545454545453, 0.3806818181818182, 0.48863636363636365, 0.5653409090909091, 0.5085227272727273, 0.5880681818181818, 0.5198863636363636, 0.4715909090909091, 0.5539772727272727, 0.6306818181818182, 0.6732954545454546, 0.6619318181818182, 0.6534090909090909, 0.5596590909090909, 0.5056818181818182, 0.6477272727272727, 0.5539772727272727, 0.6704545454545454, 0.6420454545454546, 0.5397727272727273, 0.5909090909090909, 0.6676136363636364, 0.7045454545454546, 0.625, 0.6931818181818182, 0.6647727272727273, 0.6335227272727273, 0.6704545454545454, 0.5852272727272727, 0.6846590909090909], "val_loss": [1.7453730609681872, 1.6682223399480185, 1.621811662779914, 1.5430983304977417, 1.5543806738323636, 1.5275766717063055, 1.440560359425015, 1.3241773022545709, 1.289763209554884, 1.2663960721757677, 1.2443149937523736, 1.2509495735168457, 1.210459401872423, 1.1842874791887072, 1.144983779059516, 1.1361951298183866, 1.1369596507814195, 1.1085060252083672, 1.0880573352177938, 1.080861488978068, 1.0839743958579169, 1.0667884296841093, 1.0692973150147331, 1.0964223305384317, 1.0555909540918138, 1.0702488316429986, 1.0357397079467774, 1.0626254558563233, 1.0840154038535224, 1.0237123674816555, 1.026642504003313, 1.0675583521525065], "val_acc": [0.34444444444444444, 0.4444444444444444, 0.4888888888888889, 0.5111111111111111, 0.4444444444444444, 0.4777777777777778, 0.5111111111111111, 0.5222222222222223, 0.5777777777777777, 0.5333333333333333, 0.5444444444444444, 0.5777777777777777, 0.6, 0.5777777777777777, 0.6111111111111112, 0.6111111111111112, 0.5888888888888889, 0.6222222222222222, 0.6111111111111112, 0.6111111111111112, 0.6, 0.6888888888888889, 0.6666666666666666, 0.6444444444444445, 0.6555555555555556, 0.6, 0.6555555555555556, 0.6222222222222222, 0.6, 0.6333333333333333, 0.6777777777777778, 0.6111111111111112]}